Event,Total Threads,Rumours,Non-Rumours,Rumour Ratio (%),Total Reactions,Avg Reactions/Thread,Avg Tree Depth,Avg Tree Size,Source Verified Ratio (%)
charliehebdo,2079,458,1621,22.0%,36189,17.4,3.69,18.41,54.7%
ebola-essien,14,14,0,100.0%,212,15.1,3.07,16.14,21.4%
ferguson,1143,284,859,24.8%,23032,20.2,3.59,21.15,36.8%
germanwings-crash,469,238,231,50.7%,4020,8.6,2.16,9.57,63.1%
gurlitt,138,61,77,44.2%,41,0.3,0.18,1.30,16.7%
ottawashooting,890,470,420,52.8%,11394,12.8,2.74,13.80,67.8%
prince-toronto,233,229,4,98.3%,669,2.9,1.23,3.87,34.3%
putinmissing,238,126,112,52.9%,597,2.5,1.07,3.51,7.1%
sydneysiege,1221,522,699,42.8%,22775,18.7,3.90,19.65,63.0%
